"Category";"Meldingen";"Meldingen per 100.000";"Zkh opname";"Zkh opname per 100.000";"Overleden";"Overleden per 100.000"
"'s-Hertogenbosch";464;299.1;126;81.2;77;49.6
"Aa en Hunze";14;55;1;3.9;0;0
"Aalsmeer";38;119.3;9;28.3;3;9.4
"Aalten";55;202.8;9;33.2;7;25.8
"Achtkarspelen";11;39.5;0;0;0;0
"Alblasserdam";42;208.3;10;49.6;3;14.9
"Albrandswaard";96;375.2;14;54.7;8;31.3
"Alkmaar";242;221.1;54;49.3;29;26.5
"Almelo";91;124.5;23;31.5;9;12.3
"Almere";413;195;123;58.1;27;12.7
"Alphen aan den Rijn";195;174.3;59;52.7;24;21.4
"Alphen-Chaam";46;450.4;18;176.2;5;49
"Altena";123;219.7;31;55.4;11;19.6
"Ameland";0;0;0;0;0;0
"Amersfoort";205;130.3;58;36.9;23;14.6
"Amstelveen";306;333.7;56;61.1;35;38.2
"Amsterdam";2297;263.2;607;69.5;260;29.8
"Apeldoorn";386;235.6;88;53.7;49;29.9
"Appingedam";5;42.9;3;25.8;0;0
"Arnhem";289;179.1;65;40.3;26;16.1
"Assen";42;61.2;12;17.5;2;2.9
"Asten";73;436.2;18;107.6;12;71.7
"Baarle-Nassau";25;364.4;9;131.2;2;29.2
"Baarn";56;225.1;11;44.2;8;32.2
"Barendrecht";125;256.6;40;82.1;12;24.6
"Barneveld";123;208.2;18;30.5;6;10.2
"Beek";44;277.3;15;94.5;5;31.5
"Beekdaelen";163;453.1;50;139;22;61.2
"Beemster";9;89.8;4;39.9;1;10
"Beesel";41;304.1;20;148.3;8;59.3
"Berg en Dal";155;443;29;82.9;16;45.7
"Bergeijk";55;295.1;19;101.9;5;26.8
"Bergen (L.)";23;175.8;7;53.5;2;15.3
"Bergen (NH.)";83;278.1;16;53.6;3;10.1
"Bergen op Zoom";149;220.8;24;35.6;10;14.8
"Berkelland";73;166.9;12;27.4;7;16
"Bernheze";267;854.5;96;307.2;64;204.8
"Best";73;243.5;31;103.4;10;33.4
"Beuningen";70;270.4;19;73.4;5;19.3
"Beverwijk";76;182.6;15;36;10;24
"Bladel";64;313.8;21;103;8;39.2
"Blaricum";26;225.4;8;69.3;2;17.3
"Bloemendaal";49;207.9;7;29.7;5;21.2
"Bodegraven-Reeuwijk";56;160.6;7;20.1;1;2.9
"Boekel";89;825.3;35;324.6;21;194.7
"Borger-Odoorn";9;35.2;4;15.7;3;11.7
"Borne";50;214.5;14;60.1;6;25.7
"Borsele";26;114.3;5;22;0;0
"Boxmeer";115;391.5;18;61.3;27;91.9
"Boxtel";85;275.9;24;77.9;15;48.7
"Breda";471;255.6;143;77.6;61;33.1
"Brielle";32;185.2;11;63.7;0;0
"Bronckhorst";72;199.7;17;47.2;7;19.4
"Brummen";35;168.6;17;81.9;5;24.1
"Brunssum";97;348.7;42;151;15;53.9
"Bunnik";43;283.1;9;59.2;1;6.6
"Bunschoten";62;283.5;9;41.2;7;32
"Buren";48;179.5;16;59.8;7;26.2
"Capelle aan den IJssel";280;417;52;77.4;51;75.9
"Castricum";78;216.7;15;41.7;9;25
"Coevorden";56;158.7;13;36.8;2;5.7
"Cranendonck";166;784.3;63;297.6;36;170.1
"Cuijk";70;278.5;12;47.7;10;39.8
"Culemborg";61;210.7;21;72.5;7;24.2
"Dalfsen";77;269.4;16;56;6;21
"Dantumadiel";6;31.7;2;10.6;0;0
"De Bilt";164;380.3;25;58;20;46.4
"De Fryske Marren";65;126;17;33;5;9.7
"De Ronde Venen";93;209.2;39;87.7;11;24.7
"De Wolden";44;180.9;11;45.2;5;20.6
"Delft";138;133.1;38;36.7;12;11.6
"Delfzijl";17;68.9;6;24.3;0;0
"Den Helder";37;65.7;12;21.3;2;3.6
"Deurne";166;511.2;54;166.3;23;70.8
"Deventer";254;252.2;46;45.7;32;31.8
"Diemen";98;318.4;17;55.2;14;45.5
"Dinkelland";71;268.2;19;71.8;9;34
"Doesburg";32;288.9;9;81.2;6;54.2
"Doetinchem";96;165.5;26;44.8;15;25.9
"Dongen";76;289.8;20;76.3;12;45.8
"Dordrecht";429;359.6;83;69.6;34;28.5
"Drechterland";43;218.1;4;20.3;8;40.6
"Drimmelen";66;242;18;66;8;29.3
"Dronten";115;276.6;29;69.8;11;26.5
"Druten";111;586.7;24;126.9;8;42.3
"Duiven";46;183.1;14;55.7;6;23.9
"Echt-Susteren";91;287.8;39;123.3;15;47.4
"Edam-Volendam";105;290;24;66.3;3;8.3
"Ede";206;175.8;54;46.1;20;17.1
"Eemnes";17;183.8;2;21.6;1;10.8
"Eersel";65;336.5;26;134.6;10;51.8
"Eijsden-Margraten";162;629.1;53;205.8;27;104.8
"Eindhoven";488;208.1;178;75.9;82;35
"Elburg";127;548.3;28;120.9;8;34.5
"Emmen";102;95.3;20;18.7;11;10.3
"Enkhuizen";29;156;18;96.8;4;21.5
"Enschede";218;136.5;52;32.6;23;14.4
"Epe";133;400.8;47;141.6;23;69.3
"Ermelo";124;459.2;30;111.1;21;77.8
"Etten-Leur";176;401.1;40;91.2;30;68.4
"Geertruidenberg";43;199.6;11;51.1;6;27.9
"Geldrop-Mierlo";106;266.8;33;83.1;16;40.3
"Gemert-Bakel";176;572.8;79;257.1;30;97.6
"Gennep";55;325;16;94.5;10;59.1
"Gilze en Rijen";73;276.1;20;75.6;15;56.7
"Goeree-Overflakkee";258;515.5;53;105.9;33;65.9
"Goes";69;181.2;11;28.9;11;28.9
"Goirle";72;301.2;32;133.9;17;71.1
"Gooise Meren";106;182.6;23;39.6;9;15.5
"Gorinchem";148;399.9;18;48.6;15;40.5
"Gouda";239;325.4;38;51.7;40;54.5
"Grave";69;554.8;21;168.9;11;88.4
"Groningen";165;70.8;18;7.7;3;1.3
"Gulpen-Wittem";75;529.1;21;148.1;14;98.8
"Haaksbergen";54;222.1;14;57.6;7;28.8
"Haaren";49;341;18;125.3;7;48.7
"Haarlem";274;168.1;60;36.8;54;33.1
"Haarlemmermeer";267;171.1;66;42.3;27;17.3
"Halderberge";55;181.7;13;42.9;6;19.8
"Hardenberg";170;279;23;37.7;8;13.1
"Harderwijk";153;315.9;41;84.7;18;37.2
"Hardinxveld-Giessendam";33;180.4;2;10.9;2;10.9
"Harlingen";17;108.1;4;25.4;1;6.4
"Hattem";41;335.7;16;131;5;40.9
"Heemskerk";83;211.8;27;68.9;10;25.5
"Heemstede";88;323.1;10;36.7;32;117.5
"Heerde";190;1022.2;54;290.5;27;145.3
"Heerenveen";91;180.2;13;25.7;20;39.6
"Heerhugowaard";142;246.6;27;46.9;8;13.9
"Heerlen";362;415.8;124;142.4;51;58.6
"Heeze-Leende";61;377.7;15;92.9;8;49.5
"Heiloo";48;200.2;9;37.5;8;33.4
"Hellendoorn";94;261.7;8;22.3;10;27.8
"Hellevoetsluis";64;159.4;16;39.8;2;5
"Helmond";347;375.4;114;123.3;40;43.3
"Hendrik-Ido-Ambacht";52;166.6;8;25.6;5;16
"Hengelo";122;150.3;21;25.9;19;23.4
"Het Hogeland";29;60.6;7;14.6;3;6.3
"Heumen";71;431.6;17;103.3;9;54.7
"Heusden";135;302;44;98.4;22;49.2
"Hillegom";33;148.6;8;36;2;9
"Hilvarenbeek";43;277.2;9;58;6;38.7
"Hilversum";191;210.2;29;31.9;25;27.5
"Hoeksche Waard";291;332.7;77;88;20;22.9
"Hof van Twente";63;179.9;15;42.8;4;11.4
"Hollands Kroon";62;128;26;53.7;6;12.4
"Hoogeveen";91;163.4;19;34.1;8;14.4
"Hoorn";87;118.8;34;46.4;12;16.4
"Horst aan de Maas";120;282.8;41;96.6;24;56.6
"Houten";125;249.3;24;47.9;13;25.9
"Huizen";124;300.4;21;50.9;10;24.2
"Hulst";29;105.2;9;32.7;5;18.1
"IJsselstein";135;395.8;35;102.6;33;96.7
"Kaag en Braassem";28;102.6;6;22;2;7.3
"Kampen";332;611;59;108.6;26;47.8
"Kapelle";23;181.2;3;23.6;1;7.9
"Katwijk";191;290.5;29;44.1;13;19.8
"Kerkrade";198;432.8;62;135.5;33;72.1
"Koggenland";34;149.4;6;26.4;6;26.4
"Krimpen aan den IJssel";74;250.6;10;33.9;7;23.7
"Krimpenerwaard";163;289.4;45;79.9;26;46.2
"Laarbeek";117;519.3;40;177.5;26;115.4
"Landerd";138;877.3;39;247.9;21;133.5
"Landgraaf";136;363.1;52;138.8;13;34.7
"Landsmeer";23;200.1;3;26.1;3;26.1
"Langedijk";45;159.8;16;56.8;3;10.7
"Lansingerland";177;283.7;42;67.3;24;38.5
"Laren";26;230.6;8;71;2;17.7
"Leeuwarden";58;46.8;33;26.6;6;4.8
"Leiden";151;120.6;39;31.2;18;14.4
"Leiderdorp";32;118.3;12;44.3;6;22.2
"Leidschendam-Voorburg";110;143.7;20;26.1;14;18.3
"Lelystad";166;211.1;64;81.4;26;33.1
"Leudal";180;501.4;51;142.1;32;89.1
"Leusden";49;161.2;9;29.6;4;13.2
"Lingewaard";116;248.9;31;66.5;10;21.5
"Lisse";26;113.3;7;30.5;2;8.7
"Lochem";90;266.8;14;41.5;14;41.5
"Loon op Zand";56;239.2;24;102.5;6;25.6
"Lopik";63;435.4;19;131.3;8;55.3
"Loppersum";2;21;0;0;0;0
"Losser";23;101.4;7;30.9;0;0
"Maasdriel";47;187.7;15;59.9;7;28
"Maasgouw";102;425.7;27;112.7;14;58.4
"Maassluis";62;186.7;20;60.2;3;9
"Maastricht";847;696.8;183;150.5;128;105.3
"Medemblik";69;153;18;39.9;6;13.3
"Meerssen";106;562.9;22;116.8;12;63.7
"Meierijstad";540;665;210;258.6;130;160.1
"Meppel";35;103.2;8;23.6;4;11.8
"Middelburg";59;120.9;18;36.9;10;20.5
"Midden-Delfland";18;93.1;4;20.7;0;0
"Midden-Drenthe";22;66.3;6;18.1;0;0
"Midden-Groningen";32;52.6;6;9.9;3;4.9
"Mill en Sint Hubert";36;329;9;82.3;5;45.7
"Moerdijk";76;204.7;14;37.7;8;21.5
"Molenlanden";114;259.5;18;41;8;18.2
"Montferland";88;244.4;20;55.5;8;22.2
"Montfoort";40;287.4;12;86.2;5;35.9
"Mook en Middelaar";35;446;6;76.5;5;63.7
"Neder-Betuwe";122;501.2;34;139.7;20;82.2
"Nederweert";50;293.7;31;182.1;7;41.1
"Nieuwegein";136;214.3;43;67.8;14;22.1
"Nieuwkoop";47;163.1;9;31.2;4;13.9
"Nijkerk";58;134.3;22;51;3;6.9
"Nijmegen";598;336.5;126;70.9;64;36
"Nissewaard";173;203;54;63.4;17;19.9
"Noardeast-Fryslân";25;55.2;6;13.3;4;8.8
"Noord-Beveland";9;121.7;1;13.5;0;0
"Noordenveld";18;57.6;4;12.8;1;3.2
"Noordoostpolder";81;171.4;14;29.6;9;19
"Noordwijk";46;105.7;17;39.1;2;4.6
"Nuenen, Gerwen en Nederwetten";54;231;18;77;9;38.5
"Nunspeet";213;764.9;55;197.5;20;71.8
"Oegstgeest";41;165;8;32.2;3;12.1
"Oirschot";59;315.1;13;69.4;9;48.1
"Oisterwijk";65;247.7;23;87.6;11;41.9
"Oldambt";13;34;7;18.3;1;2.6
"Oldebroek";156;659.8;39;164.9;19;80.4
"Oldenzaal";50;157.1;14;44;7;22
"Olst-Wijhe";50;274;12;65.7;8;43.8
"Ommen";50;277.7;9;50;2;11.1
"Oost Gelre";55;185.7;17;57.4;6;20.3
"Oosterhout";124;221.5;48;85.7;16;28.6
"Ooststellingwerf";7;27.5;3;11.8;0;0
"Oostzaan";26;267.1;11;113;2;20.5
"Opmeer";8;67.6;1;8.4;1;8.4
"Opsterland";23;77.3;7;23.5;0;0
"Oss";463;503.6;164;178.4;87;94.6
"Oude IJsselstreek";75;190.4;21;53.3;9;22.8
"Ouder-Amstel";33;235.2;5;35.6;0;0
"Oudewater";55;537.8;25;244.5;8;78.2
"Overbetuwe";126;263;57;119;16;33.4
"Papendrecht";69;214.7;9;28;6;18.7
"Peel en Maas";265;610.3;143;329.3;63;145.1
"Pekela";5;41;4;32.8;0;0
"Pijnacker-Nootdorp";117;211.5;23;41.6;15;27.1
"Purmerend";214;263.4;65;80;32;39.4
"Putten";25;103.7;8;33.2;0;0
"Raalte";150;397.8;25;66.3;18;47.7
"Reimerswaal";29;127.6;4;17.6;2;8.8
"Renkum";70;222.9;14;44.6;7;22.3
"Renswoude";19;348.8;5;91.8;5;91.8
"Reusel-De Mierden";23;175.4;11;83.9;2;15.3
"Rheden";106;242.4;33;75.5;14;32
"Rhenen";41;203.7;11;54.7;6;29.8
"Ridderkerk";130;281.4;37;80.1;15;32.5
"Rijssen-Holten";192;502.9;30;78.6;19;49.8
"Rijswijk";120;220.5;33;60.6;22;40.4
"Roerdalen";48;233.3;27;131.2;7;34
"Roermond";129;221.4;59;101.3;22;37.8
"Roosendaal";209;270.6;28;36.3;20;25.9
"Rotterdam";2312;354.9;498;76.5;323;49.6
"Rozendaal";3;176;1;58.7;0;0
"Rucphen";67;292.9;9;39.3;9;39.3
"s-Gravenhage";1364;250.2;307;56.3;210;38.5
"Schagen";74;159.2;19;40.9;10;21.5
"Scherpenzeel";28;283.4;4;40.5;2;20.2
"Schiedam";222;281.9;55;69.9;23;29.2
"Schiermonnikoog";0;0;0;0;0;0
"Schouwen-Duiveland";61;180.2;11;32.5;5;14.8
"Simpelveld";45;426.5;19;180.1;5;47.4
"Sint Anthonis";62;531.2;20;171.4;11;94.2
"Sint-Michielsgestel";104;356.1;36;123.3;17;58.2
"Sittard-Geleen";397;429.6;115;124.4;60;64.9
"Sliedrecht";57;226;9;35.7;5;19.8
"Sluis";17;73.2;8;34.5;4;17.2
"Smallingerland";55;97.9;9;16;5;8.9
"Soest";83;178.1;23;49.3;11;23.6
"Someren";99;510.9;33;170.3;8;41.3
"Son en Breugel";71;409.9;31;179;14;80.8
"Stadskanaal";7;22.1;2;6.3;1;3.2
"Staphorst";59;344.1;8;46.7;4;23.3
"Stede Broec";48;220.9;19;87.4;5;23
"Steenbergen";84;342.8;13;53.1;13;53.1
"Steenwijkerland";87;197.1;14;31.7;5;11.3
"Stein";114;456;43;172;15;60
"Stichtse Vecht";111;171;32;49.3;10;15.4
"Súdwest-Fryslân";101;112.2;17;18.9;3;3.3
"Terneuzen";111;203.9;25;45.9;4;7.3
"Terschelling";2;40.9;0;0;0;0
"Texel";11;81;5;36.8;2;14.7
"Teylingen";53;141.6;13;34.7;2;5.3
"Tholen";144;559;40;155.3;15;58.2
"Tiel";108;256.2;42;99.6;18;42.7
"Tilburg";731;332.6;246;111.9;158;71.9
"Tubbergen";79;371.3;12;56.4;5;23.5
"Twenterand";61;180.8;12;35.6;2;5.9
"Tynaarlo";38;112.2;9;26.6;0;0
"Tytsjerksteradiel";15;46.8;4;12.5;1;3.1
"Uden";258;612.5;115;273;63;149.6
"Uitgeest";22;161.2;5;36.6;1;7.3
"Uithoorn";50;169.7;16;54.3;2;6.8
"Urk";79;375.6;22;104.6;4;19
"Utrecht";997;278.7;252;70.5;104;29.1
"Utrechtse Heuvelrug";107;215.7;28;56.5;14;28.2
"Vaals";30;297.1;10;99;1;9.9
"Valkenburg aan de Geul";84;513.4;17;103.9;7;42.8
"Valkenswaard";175;560.9;19;60.9;37;118.6
"Veendam";8;29.2;2;7.3;0;0
"Veenendaal";169;254.2;48;72.2;10;15
"Veere";26;118.8;6;27.4;2;9.1
"Veldhoven";126;277.2;31;68.2;16;35.2
"Velsen";259;377.2;31;45.2;39;56.8
"Venlo";298;292.7;126;123.8;62;60.9
"Venray";102;233.9;37;84.9;17;39
"Vijfheerenlanden";251;441.8;35;61.6;37;65.1
"Vlaardingen";261;355.4;43;58.5;28;38.1
"Vlieland";0;0;0;0;0;0
"Vlissingen";50;112.7;9;20.3;5;11.3
"Voerendaal";45;360.8;17;136.3;7;56.1
"Voorschoten";61;238.3;9;35.2;10;39.1
"Voorst";47;191.5;17;69.3;11;44.8
"Vught";101;380.4;42;158.2;18;67.8
"Waadhoeke";100;217;12;26;13;28.2
"Waalre";29;166.2;7;40.1;5;28.6
"Waalwijk";148;304.4;33;67.9;31;63.8
"Waddinxveen";68;232.1;16;54.6;7;23.9
"Wageningen";48;121;20;50.4;9;22.7
"Wassenaar";49;186.9;8;30.5;12;45.8
"Waterland";30;172.2;16;91.8;4;23
"Weert";128;255.5;66;131.7;13;25.9
"Weesp";77;390.3;9;45.6;11;55.8
"West Betuwe";180;351.6;42;82;25;48.8
"West Maas en Waal";81;419.3;18;93.2;9;46.6
"Westerkwartier";57;89.9;14;22.1;4;6.3
"Westerveld";32;164.4;9;46.2;4;20.6
"Westervoort";35;233.8;12;80.1;5;33.4
"Westerwolde";6;23.3;5;19.4;0;0
"Westland";256;232;58;52.6;29;26.3
"Weststellingwerf";28;108;3;11.6;4;15.4
"Westvoorne";25;169.7;6;40.7;0;0
"Wierden";49;200.5;5;20.5;6;24.5
"Wijchen";142;345.3;43;104.6;12;29.2
"Wijdemeren";31;127.3;8;32.8;0;0
"Wijk bij Duurstede";33;138;9;37.6;1;4.2
"Winterswijk";41;142;7;24.3;3;10.4
"Woensdrecht";64;292.5;5;22.8;7;32
"Woerden";166;317.4;47;89.9;19;36.3
"Wormerland";45;276.1;20;122.7;6;36.8
"Woudenberg";31;232;9;67.4;2;15
"Zaanstad";398;254;113;72.1;47;30
"Zaltbommel";95;328.7;20;69.2;9;31.1
"Zandvoort";32;187;10;58.4;8;46.7
"Zeewolde";43;189.8;12;53;5;22.1
"Zeist";169;260.3;36;55.4;22;33.9
"Zevenaar";102;233.2;43;98.3;15;34.3
"Zoetermeer";188;150.1;49;39.1;12;9.6
"Zoeterwoude";12;139.4;3;34.8;1;11.6
"Zuidplas";126;287.1;23;52.4;20;45.6
"Zundert";78;357.5;21;96.2;10;45.8
"Zutphen";92;191.9;31;64.7;13;27.1
"Zwartewaterland";141;621.4;35;154.3;18;79.3
"Zwijndrecht";150;335.3;23;51.4;18;40.2
"Zwolle";347;269.3;53;41.1;46;35.7